spell_id,cost,req_skill,yellow_shift
10,2000,0,0
17,100,0,0
53,100,0,0
72,1000,0,0
99,300,0,0
100,100,0,0
116,100,0,0
118,200,0,0
120,5000,0,0
122,400,0,0
126,2500,0,0
130,600,0,0
131,3000,0,0
132,4000,0,0
136,600,0,0
139,200,0,0
143,100,0,0
145,600,0,0
172,100,0,0
196,1000,0,0
197,1000,0,0
198,1000,0,0
199,1000,0,0
200,10000,0,0
201,1000,0,0
202,1000,0,0
205,200,0,0
227,1000,0,0
264,1000,0,0
266,1000,0,0
284,200,0,0
285,2000,0,0
324,100,0,0
325,1800,0,0
332,100,0,0
339,200,0,0
348,10,0,0
370,800,0,0
408,10000,0,0
421,8000,0,0
453,3000,0,0
465,10,0,0
467,100,0,0
475,1800,0,0
498,100,0,0
526,1800,0,0
527,2000,0,0
528,1200,0,0
529,100,0,0
543,2000,0,0
546,6000,0,0
547,800,0,0
548,900,0,0
552,11000,0,0
556,7000,0,0
586,200,0,0
587,100,0,0
588,800,0,0
589,100,0,0
591,100,0,0
592,800,0,0
594,300,0,0
596,10000,0,0
597,600,0,0
598,1200,0,0
600,2000,0,0
602,10000,0,0
603,26000,0,0
604,600,0,0
605,10000,0,0
633,300,0,0
639,100,0,0
642,13000,0,0
643,4000,0,0
647,2000,0,0
674,300,0,0
676,3000,0,0
689,900,0,0
693,1500,0,0
694,2000,0,0
695,100,0,0
696,300,0,0
698,2000,0,0
699,2500,0,0
702,100,0,0
703,1200,0,0
704,900,0,0
705,600,0,0
706,2000,0,0
707,300,0,0
709,6000,0,0
710,5000,0,0
740,6000,0,0
750,20000,0,0
755,600,0,0
759,7000,0,0
768,2000,0,0
769,10000,0,0
770,1900,0,0
772,100,0,0
774,100,0,0
778,6000,0,0
779,1800,0,0
780,4000,0,0
781,2200,0,0
782,900,0,0
783,6000,0,0
824,200000,0,0
825,200000,0,0
826,200000,0,0
828,200000,0,0
837,900,0,0
845,4000,0,0
853,100,0,0
865,5000,0,0
871,11000,0,0
879,4000,0,0
905,3500,0,0
913,2000,0,0
915,2200,0,0
921,100,0,0
930,12000,0,0
939,3500,0,0
943,4000,0,0
945,8000,0,0
959,8000,0,0
970,2000,0,0
976,10000,0,0
980,200,0,0
984,4000,0,0
988,14000,0,0
990,3000,0,0
992,6000,0,0
996,18000,0,0
1002,1200,0,0
1004,10000,0,0
1006,18000,0,0
1008,1800,0,0
1014,1500,0,0
1020,28000,0,0
1022,300,0,0
1026,4000,0,0
1032,20000,0,0
1038,6000,0,0
1042,11000,0,0
1044,3500,0,0
1058,300,0,0
1062,1900,0,0
1064,12000,0,0
1075,4000,0,0
1079,2000,0,0
1082,2000,0,0
1086,6000,0,0
1088,2000,0,0
1094,2000,0,0
1098,6000,0,0
1106,5000,0,0
1108,600,0,0
1120,300,0,0
1126,10,0,0
1130,100,0,0
1152,100,0,0
1160,1500,0,0
1161,10000,0,0
1180,1000,0,0
1243,10,0,0
1244,800,0,0
1245,5000,0,0
1430,1800,0,0
1449,900,0,0
1454,100,0,0
1455,1200,0,0
1456,4000,0,0
1459,10,0,0
1460,900,0,0
1461,7000,0,0
1462,7000,0,0
1463,2000,0,0
1464,12000,0,0
1490,7000,0,0
1494,10,0,0
1495,1800,0,0
1499,2200,0,0
1510,18000,0,0
1513,1200,0,0
1535,800,0,0
1543,10000,0,0
1608,8000,0,0
1671,14000,0,0
1672,54000,0,0
1680,18000,0,0
1706,12000,0,0
1714,4000,0,0
1715,200,0,0
1719,42000,0,0
1725,4000,0,0
1735,2000,0,0
1757,100,0,0
1758,1200,0,0
1759,4000,0,0
1760,10000,0,0
1766,800,0,0
1767,6000,0,0
1768,27000,0,0
1769,52000,0,0
1776,100,0,0
1777,2900,0,0
1784,10,0,0
1785,3000,0,0
1786,20000,0,0
1787,54000,0,0
1804,1800,0,0
1822,4000,0,0
1823,10000,0,0
1824,18000,0,0
1833,6000,0,0
1842,10000,0,0
1850,4500,0,0
1856,4000,0,0
1857,27000,0,0
1860,20000,0,0
1943,3000,0,0
1949,6000,0,0
1953,2000,0,0
1966,1800,0,0
1978,100,0,0
2006,300,0,0
2008,800,0,0
2010,4000,0,0
2018,9,0,0
2052,100,0,0
2053,300,0,0
2054,1600,0,0
2055,4000,0,0
2060,18000,0,0
2061,3000,0,0
2070,8000,0,0
2090,3000,0,0
2091,5000,0,0
2094,14000,1,0
2096,4000,0,0
2108,10,0,0
2120,1500,0,0
2121,4000,0,0
2136,100,0,0
2137,900,0,0
2138,3000,0,0
2139,4000,0,0
2153,50,15,0
2159,550,85,-35
2160,100,40,-5
2161,100,55,-5
2162,100,60,-20
2165,650,100,-25
2166,1400,120,-25
2167,650,100,-25
2168,1000,110,-25
2259,10,0,0
2331,100,25,0
2332,135,40,0
2334,225,50,0
2337,250,55,0
2362,9000,0,0
2366,10,0,0
2368,500,50,0
2385,45,10,0
2386,180,65,-25
2392,45,40,-15
2393,22,1,0
2394,45,40,-15
2395,270,70,-30
2396,180,70,-30
2397,180,60,-25
2399,270,85,-25
2401,270,95,-25
2402,225,75,-20
2406,180,100,-20
2484,100,0,0
2539,50,10,0
2541,100,50,0
2544,200,75,0
2546,150,80,0
2550,100,0,0
2565,2000,0,0
2567,1000,0,0
2575,10,0,0
2576,500,50,0
2589,800,0,0
2590,3000,0,0
2591,8000,0,0
2637,1900,0,0
2643,2000,0,0
2645,1,0,0
2658,180,75,-15
2659,200,65,0
2661,90,35,-5
2662,50,1,0
2664,450,90,-25
2665,90,65,-25
2666,180,70,-25
2668,270,105,-25
2670,450,105,-25
2672,450,120,-25
2674,900,125,-25
2675,900,145,-25
2687,600,0,0
2737,45,15,0
2738,45,20,0
2739,45,25,0
2740,180,110,-25
2741,180,115,-25
2742,180,120,-25
2767,12000,0,0
2782,4000,0,0
2791,14000,0,0
2800,11000,0,0
2812,28000,0,0
2835,10000,130,0
2836,5000,0,0
2837,18000,170,0
2855,1500,0,0
2860,22000,0,0
2870,3000,0,0
2878,5000,0,0
2893,4500,0,0
2908,3000,0,0
2912,2000,0,0
2941,6000,0,0
2948,3000,0,0
2964,90,75,-20
2970,10000,0,0
2974,600,0,0
2983,300,0,0
3029,5000,0,0
3034,14000,0,0
3043,6000,0,0
3044,100,0,0
3045,7000,0,0
3100,450,50,0
3101,450,50,0
3102,500,50,0
3104,500,50,0
3111,2200,0,0
3116,90,65,-25
3117,900,125,-25
3127,100,0,0
3140,1800,0,0
3170,50,15,0
3171,450,90,0
3173,1350,120,0
3176,1350,125,0
3177,1800,130,0
3273,100,0,0
3274,500,50,0
3276,100,40,0
3277,250,80,0
3278,1000,115,0
3292,450,90,-25
3293,225,35,-5
3294,450,70,-25
3296,900,130,-25
3304,50,65,-15
3307,450,125,0
3308,2250,155,0
3319,45,20,0
3320,90,25,0
3323,90,40,-5
3324,180,45,-10
3326,225,75,-25
3328,1000,110,-25
3331,450,130,-25
3333,900,135,-25
3337,900,125,-25
3420,3000,1,0
3421,35000,230,0
3447,3600,110,0
3448,4500,165,0
3450,5400,175,0
3451,2880,180,0
3452,4500,160,0
3464,5000,125,0
3472,16000,0,0
3491,600,100,-25
3501,900,165,-25
3502,1125,170,-25
3506,900,155,-25
3508,6750,180,-25
3538,4500,125,0
3552,14000,0,0
3561,2000,0,0
3562,2000,0,0
3563,2000,0,0
3564,4500,125,0
3565,8000,0,0
3566,8000,0,0
3567,2000,0,0
3569,2250,165,0
3570,5000,125,0
3627,10000,0,0
3661,8000,0,0
3662,14000,0,0
3698,2000,0,0
3699,5000,0,0
3700,9000,0,0
3747,5000,0,0
3753,75,25,0
3755,90,45,-40
3756,150,55,-15
3757,180,80,-30
3759,500,75,-25
3760,2000,150,-25
3761,550,85,-25
3763,500,80,-25
3764,1800,145,-25
3766,1500,125,-25
3768,1200,130,-25
3770,1500,135,-25
3774,2500,160,-25
3776,2800,180,-25
3780,2000,150,-25
3811,5000,125,0
3813,720,150,-25
3816,50,35,-5
3817,650,100,-25
3818,1800,150,-25
3839,450,125,-25
3840,90,35,-10
3841,180,60,-25
3842,270,70,-25
3843,360,85,-25
3845,270,80,-25
3848,450,110,-25
3850,450,110,-25
3852,675,130,-25
3855,675,125,-25
3859,675,150,-25
3861,900,185,-35
3865,900,175,-35
3866,225,110,-25
3871,450,170,-35
3908,10,0,0
3909,450,50,0
3910,4500,125,0
3914,45,30,-5
3915,25,1,0
3922,115,30,0
3923,130,30,0
3924,150,50,0
3925,150,50,0
3926,225,65,0
3929,250,75,0
3930,250,75,0
3931,250,75,0
3932,270,85,0
3934,360,100,0
3936,378,105,0
3937,405,105,0
3938,405,105,0
3941,450,120,0
3942,450,125,0
3945,450,125,0
3946,450,125,0
3947,270,125,0
3949,495,130,0
3950,540,140,0
3953,540,145,0
3955,675,150,0
3956,675,150,0
3958,720,160,0
3961,810,170,0
3962,900,175,0
3963,900,175,0
3965,1080,185,0
3967,1260,190,0
3973,270,90,0
3977,200,60,0
3978,427,110,0
4036,10,0,0
4037,450,50,0
4038,4500,125,0
4094,450,175,0
4195,10,0,0
4196,120,0,0
4197,400,0,0
4198,1400,0,0
4199,1600,0,0
4200,2800,0,0
4201,4800,0,0
4202,6400,0,0
4733,1,0,0
4734,1,0,0
4735,1,0,0
4815,1,0,0
4816,1,0,0
4987,21000,0,0
5011,1000,0,0
5048,8400,0,0
5049,10000,0,0
5116,200,0,0
5118,2200,0,0
5138,3000,0,0
5143,200,0,0
5144,1500,0,0
5145,4000,0,0
5171,300,0,0
5177,100,0,0
5178,900,0,0
5179,3000,0,0
5180,6000,0,0
5186,200,0,0
5187,900,0,0
5188,2000,0,0
5189,4500,0,0
5195,5000,0,0
5196,12000,0,0
5201,12000,0,0
5209,5000,0,0
5211,900,0,0
5215,2000,0,0
5217,4000,0,0
5221,3000,0,0
5225,8000,0,0
5229,800,0,0
5232,300,0,0
5234,6000,0,0
5242,1000,0,0
5246,6000,0,0
5277,200,0,0
5308,8000,0,0
5384,8000,0,0
5388,1,0,0
5484,11000,0,0
5500,3000,0,0
5504,100,0,0
5505,400,0,0
5506,2000,0,0
5573,3500,0,0
5588,5000,0,0
5589,20000,0,0
5599,5000,0,0
5614,9000,0,0
5615,14000,0,0
5627,16000,0,0
5675,4000,0,0
5676,1500,0,0
5697,1200,0,0
5699,8000,0,0
5730,100,0,0
5740,2000,0,0
5763,5000,100,0
5782,200,0,0
6041,8000,0,0
6060,16000,0,0
6063,8000,0,0
6064,12000,0,0
6065,10000,0,0
6066,14000,0,0
6074,1200,0,0
6075,3000,0,0
6076,6000,0,0
6077,11000,0,0
6078,16000,0,0
6117,13000,0,0
6127,8000,0,0
6129,10000,0,0
6131,15000,0,0
6141,7000,0,0
6143,3000,0,0
6178,10000,0,0
6190,8000,0,0
6192,6000,0,0
6196,4000,0,0
6197,1200,0,0
6201,300,0,0
6202,2500,0,0
6205,2500,0,0
6213,7000,0,0
6215,22000,0,0
6217,5000,0,0
6219,8000,0,0
6222,900,0,0
6223,3000,0,0
6226,8000,0,0
6229,7000,0,0
6343,100,0,0
6353,14000,0,0
6363,2200,0,0
6364,7000,0,0
6365,12000,0,0
6366,5000,0,0
6375,7000,0,0
6377,12000,0,0
6390,2000,0,0
6391,6000,0,0
6392,11000,0,0
6458,360,135,0
6495,9000,0,0
6499,100,50,0
6500,300,125,0
6510,14000,150,0
6517,720,110,-25
6521,360,90,-20
6546,600,0,0
6547,4000,0,0
6548,12000,0,0
6552,20000,0,0
6554,60000,0,0
6572,1500,0,0
6574,8000,0,0
6577,1,0,0
6661,2800,190,-25
6666,1,0,0
6673,10,0,0
6690,900,135,-25
6756,2000,0,0
6760,200,0,0
6761,1800,0,0
6762,5000,0,0
6768,8000,0,0
6770,300,0,0
6774,27000,0,0
6778,8000,0,0
6780,12000,0,0
6783,14000,0,0
6785,8000,0,0
6787,16000,0,0
6789,11000,0,0
6793,11000,0,0
6798,6000,0,0
6800,6000,0,0
6808,1900,0,0
6809,4500,0,0
6940,24000,0,0
7128,3000,0,0
7135,1000,115,-25
7147,2500,160,-25
7151,2500,175,-25
7156,2800,190,-25
7179,405,90,0
7181,4500,155,0
7223,900,185,-25
7294,3000,0,0
7300,400,0,0
7301,2000,0,0
7302,8000,0,0
7320,15000,0,0
7322,2000,0,0
7369,12000,0,0
7372,14000,0,0
7373,56000,0,0
7379,16000,0,0
7384,1000,0,0
7400,10000,0,0
7402,18000,0,0
7405,6000,0,0
7408,270,65,-25
7411,10,0,0
7412,500,50,0
7413,5000,125,0
7420,50,15,0
7426,100,40,0
7428,100,20,0
7430,150,50,0
7454,100,45,0
7457,250,50,0
7620,100,0,0
7623,45,30,-5
7624,45,30,-5
7641,9000,0,0
7646,7000,0,0
7648,8000,0,0
7651,10000,0,0
7658,5000,0,0
7659,11000,0,0
7731,500,50,0
7745,450,100,0
7748,250,60,0
7771,200,70,0
7779,360,80,0
7788,450,90,0
7795,900,100,0
7817,180,95,-25
7818,90,100,-25
7836,225,80,0
7837,900,130,0
7841,900,100,0
7845,2700,140,0
7857,900,120,0
7861,1125,125,0
7863,1260,125,0
7887,11000,0,0
7928,5000,150,0
7934,250,80,0
8004,2200,0,0
8005,12000,0,0
8008,6000,0,0
8010,10000,0,0
8012,8000,0,0
8017,10,0,0
8018,100,0,0
8019,1800,0,0
8024,400,0,0
8027,2000,0,0
8030,4000,0,0
8033,2200,0,0
8038,6000,0,0
8042,100,0,0
8044,100,0,0
8045,900,0,0
8046,3500,0,0
8050,400,0,0
8052,2000,0,0
8053,6000,0,0
8056,2200,0,0
8058,9000,0,0
8075,400,0,0
8092,300,0,0
8102,1600,0,0
8103,4000,0,0
8104,8000,0,0
8105,12000,0,0
8106,18000,0,0
8122,1200,0,0
8124,8000,0,0
8129,5000,0,0
8131,11000,0,0
8134,12000,0,0
8143,2000,0,0
8154,900,0,0
8155,3500,0,0
8160,3500,0,0
8161,11000,0,0
8166,3000,0,0
8170,11000,0,0
8177,7000,0,0
8181,3500,0,0
8184,6000,0,0
8190,4000,0,0
8192,14000,0,0
8198,3000,0,0
8204,11000,0,0
8205,20000,0,0
8227,6000,0,0
8232,7000,0,0
8235,12000,0,0
8249,11000,0,0
8288,3000,0,0
8289,10000,0,0
8334,270,100,0
8380,16000,0,0
8400,4000,0,0
8401,8000,0,0
8402,13000,0,0
8406,5000,0,0
8407,10000,0,0
8408,14000,0,0
8412,8000,0,0
8413,14000,0,0
8416,10000,0,0
8417,15000,0,0
8422,10000,0,0
8423,15000,0,0
8427,13000,0,0
8437,3000,0,0
8438,8000,0,0
8439,14000,0,0
8444,7000,0,0
8445,12000,0,0
8446,15000,0,0
8450,4000,0,0
8451,13000,0,0
8455,8000,0,0
8457,8000,0,0
8458,15000,0,0
8461,10000,0,0
8462,18000,0,0
8465,45,40,-15
8467,225,110,-25
8483,450,160,-35
8489,675,175,-35
8492,12000,0,0
8494,7000,0,0
8495,13000,0,0
8498,3000,0,0
8499,8000,0,0
8512,8000,0,0
8613,10,0,0
8617,500,50,0
8618,5000,125,0
8621,18000,0,0
8623,12000,0,0
8624,20000,0,0
8629,12000,0,0
8631,4000,0,0
8632,10000,0,0
8633,18000,0,0
8637,20000,0,0
8639,8000,0,0
8640,16000,0,0
8643,35000,0,0
8647,1200,0,0
8649,6000,0,0
8650,16000,0,0
8676,2900,0,0
8687,8000,120,0
8691,16000,160,0
8694,18000,170,0
8696,14000,0,0
8721,16000,0,0
8724,6000,0,0
8725,14000,0,0
8737,12000,0,0
8758,540,140,-25
8760,540,145,-25
8762,675,160,-35
8764,810,170,-35
8766,900,175,-35
8768,225,150,-25
8770,900,190,-35
8772,900,175,-35
8774,900,180,-35
8776,45,10,0
8791,2250,185,-35
8799,2700,195,-35
8804,4500,210,-35
8820,20000,0,0
8835,16000,0,0
8880,90,30,-5
8895,2200,225,0
8903,12000,0,0
8905,20000,0,0
8907,14000,0,0
8910,14000,0,0
8914,10000,0,0
8918,14000,0,0
8921,100,0,0
8924,300,0,0
8925,1800,0,0
8926,3000,0,0
8927,5000,0,0
8928,10000,0,0
8929,14000,0,0
8936,800,0,0
8938,1900,0,0
8939,4000,0,0
8940,6000,0,0
8941,11000,0,0
8949,4500,0,0
8950,10000,0,0
8951,16000,0,0
8955,12000,0,0
8972,10000,0,0
8983,20000,0,0
8992,12000,0,0
8998,5000,0,0
9000,14000,0,0
9005,11000,0,0
9060,100,30,-5
9062,100,30,-5
9065,450,70,-25
9068,600,95,-25
9074,1400,120,-25
9145,1500,125,-25
9193,2000,150,-25
9194,2000,150,-25
9196,2500,175,-25
9198,2800,180,-25
9201,2800,180,-25
9206,2800,195,-25
9271,450,150,0
9472,6000,0,0
9473,11000,0,0
9474,16000,0,0
9484,3000,0,0
9485,18000,0,0
9490,8000,0,0
9492,5000,0,0
9493,11000,0,0
9578,3000,0,0
9579,10000,0,0
9592,18000,0,0
9634,14000,0,0
9745,16000,0,0
9747,16000,0,0
9749,16000,0,0
9750,16000,0,0
9752,18000,0,0
9754,18000,0,0
9756,18000,0,0
9758,18000,0,0
9785,50000,200,0
9821,20000,0,0
9823,20000,0,0
9827,30000,0,0
9829,20000,0,0
9830,28000,0,0
9833,20000,0,0
9834,26000,0,0
9835,32000,0,0
9839,20000,0,0
9840,26000,0,0
9841,32000,0,0
9845,22000,0,0
9846,34000,0,0
9849,22000,0,0
9850,32000,0,0
9852,22000,0,0
9853,32000,0,0
9856,22000,0,0
9857,28000,0,0
9858,34000,0,0
9862,23000,0,0
9863,34000,0,0
9866,23000,0,0
9867,32000,0,0
9875,23000,0,0
9876,32000,0,0
9880,23000,0,0
9881,32000,0,0
9884,23000,0,0
9885,34000,0,0
9888,23000,0,0
9889,30000,0,0
9892,26000,0,0
9894,26000,0,0
9896,34000,0,0
9898,26000,0,0
9901,28000,0,0
9904,28000,0,0
9907,28000,0,0
9908,28000,0,0
9910,28000,0,0
9912,28000,0,0
9913,34000,0,0
9916,2250,200,-25
9918,2250,200,-25
9920,2250,200,-25
9921,2250,200,-25
9926,4500,205,-25
9928,4500,205,-25
9931,4500,205,-25
9935,4500,215,-25
9954,10000,225,-25
9959,15000,230,-25
9961,15000,230,-25
9968,20000,235,-25
9974,10000,245,-25
9983,90,30,-5
9985,225,125,0
9986,450,130,-25
9987,450,135,-25
9993,9000,210,-25
10001,15000,230,-25
10003,15000,235,-25
10007,15000,245,-25
10011,10000,250,-25
10015,10000,260,-25
10053,28000,0,0
10054,40000,0,0
10059,15000,0,0
10097,4500,175,0
10098,9000,230,-5
10138,15000,0,0
10139,32000,0,0
10144,18000,0,0
10145,35000,0,0
10148,18000,0,0
10149,28000,0,0
10150,36000,0,0
10151,42000,0,0
10156,18000,0,0
10157,38000,0,0
10159,18000,0,0
10160,32000,0,0
10161,40000,0,0
10169,18000,0,0
10170,36000,0,0
10173,28000,0,0
10174,42000,0,0
10177,35000,0,0
10179,23000,0,0
10180,32000,0,0
10181,38000,0,0
10185,23000,0,0
10186,35000,0,0
10187,42000,0,0
10191,23000,0,0
10192,35000,0,0
10193,42000,0,0
10197,26000,0,0
10199,36000,0,0
10201,26000,0,0
10202,36000,0,0
10205,26000,0,0
10206,35000,0,0
10207,40000,0,0
10211,28000,0,0
10212,38000,0,0
10215,28000,0,0
10216,38000,0,0
10219,32000,0,0
10220,42000,0,0
10223,32000,0,0
10225,42000,0,0
10230,36000,0,0
10248,50000,200,0
10278,16000,0,0
10290,300,0,0
10291,11000,0,0
10292,28000,0,0
10293,46000,0,0
10298,6000,0,0
10299,14000,0,0
10300,24000,0,0
10301,42000,0,0
10308,40000,0,0
10310,28000,0,0
10312,22000,0,0
10313,34000,0,0
10314,46000,0,0
10318,46000,0,0
10322,5000,0,0
10324,14000,0,0
10326,34000,0,0
10328,24000,0,0
10329,40000,0,0
10391,11000,0,0
10392,18000,0,0
10395,22000,0,0
10396,30000,0,0
10399,3500,0,0
10406,9000,0,0
10407,18000,0,0
10408,29000,0,0
10412,10000,0,0
10413,22000,0,0
10414,34000,0,0
10427,22000,0,0
10428,32000,0,0
10431,22000,0,0
10432,30000,0,0
10437,24000,0,0
10438,34000,0,0
10442,27000,0,0
10447,12000,0,0
10448,27000,0,0
10456,11000,0,0
10462,24000,0,0
10463,34000,0,0
10466,18000,0,0
10467,27000,0,0
10468,34000,0,0
10472,20000,0,0
10473,32000,0,0
10478,11000,0,0
10479,29000,0,0
10482,2800,180,-25
10486,24000,0,0
10487,3500,200,-25
10495,10000,0,0
10496,20000,0,0
10497,30000,0,0
10499,3500,205,-25
10507,3500,205,-25
10511,4000,210,-25
10518,4000,210,-25
10526,22000,0,0
10537,16000,0,0
10538,32000,0,0
10548,4600,235,-25
10552,4300,230,-25
10556,4600,235,-25
10558,4600,235,-25
10585,10000,0,0
10586,20000,0,0
10587,30000,0,0
10595,7000,0,0
10600,18000,0,0
10601,34000,0,0
10605,30000,0,0
10613,16000,0,0
10614,27000,0,0
10619,4000,225,-25
10621,4000,225,-25
10622,20000,0,0
10623,29000,0,0
10627,30000,0,0
10630,4300,230,-25
10632,5500,250,-25
10647,5500,250,-25
10650,12000,255,-25
10662,50000,200,0
10768,50000,200,0
10861,200000,0,0
10874,18000,0,0
10875,28000,0,0
10876,42000,0,0
10880,12000,0,0
10881,26000,0,0
10888,22000,0,0
10890,42000,0,0
10892,22000,0,0
10893,30000,0,0
10894,44000,0,0
10898,22000,0,0
10899,28000,0,0
10900,40000,0,0
10901,46000,0,0
10906,200000,0,0
10907,200000,0,0
10909,24000,0,0
10911,24000,0,0
10912,44000,0,0
10915,24000,0,0
10916,30000,0,0
10917,42000,0,0
10927,24000,0,0
10928,30000,0,0
10929,42000,0,0
10933,26000,0,0
10934,40000,0,0
10937,28000,0,0
10938,46000,0,0
10941,30000,0,0
10942,46000,0,0
10945,26000,0,0
10946,38000,0,0
10947,44000,0,0
10951,30000,0,0
10952,46000,0,0
10953,38000,0,0
10955,46000,0,0
10957,22000,0,0
10958,42000,0,0
10960,30000,0,0
10961,46000,0,0
10963,26000,0,0
10964,38000,0,0
10965,44000,0,0
11197,31000,0,0
11198,50000,0,0
11267,27000,0,0
11268,35000,0,0
11269,52000,0,0
11273,29000,0,0
11274,46000,0,0
11275,54000,0,0
11279,29000,0,0
11280,46000,0,0
11281,54000,0,0
11285,31000,0,0
11286,54000,0,0
11289,31000,0,0
11290,48000,0,0
11293,31000,0,0
11294,48000,0,0
11297,33000,0,0
11299,33000,0,0
11300,50000,0,0
11303,46000,0,0
11305,52000,0,0
11314,16000,0,0
11315,27000,0,0
11341,29000,200,0
11342,46000,240,0
11343,54000,280,0
11357,31000,210,0
11358,48000,250,0
11400,46000,240,0
11416,15000,0,0
11417,15000,0,0
11418,15000,0,0
11419,32000,0,0
11420,32000,0,0
11448,8100,205,0
11449,5850,185,0
11450,6750,195,0
11451,7200,205,0
11457,9000,215,0
11460,4500,230,0
11461,9000,235,0
11465,18000,235,0
11467,18000,240,0
11478,12600,250,0
11549,14000,0,0
11550,32000,0,0
11551,54000,0,0
11554,16000,0,0
11555,34000,0,0
11556,56000,0,0
11564,14000,0,0
11565,22000,0,0
11566,40000,0,0
11567,58000,0,0
11572,22000,0,0
11573,42000,0,0
11574,62000,0,0
11578,36000,0,0
11580,40000,0,0
11581,60000,0,0
11584,34000,0,0
11585,62000,0,0
11596,36000,0,0
11597,60000,0,0
11600,34000,0,0
11601,56000,0,0
11604,36000,0,0
11605,56000,0,0
11608,22000,0,0
11609,42000,0,0
11611,45000,200,0
11659,12000,0,0
11660,18000,0,0
11661,26000,0,0
11665,11000,0,0
11667,15000,0,0
11668,26000,0,0
11671,12000,0,0
11672,20000,0,0
11675,18000,0,0
11677,13000,0,0
11678,24000,0,0
11683,11000,0,0
11684,20000,0,0
11687,9000,0,0
11688,13000,0,0
11689,22000,0,0
11693,12000,0,0
11694,18000,0,0
11695,26000,0,0
11699,13000,0,0
11700,20000,0,0
11703,12000,0,0
11704,20000,0,0
11707,11000,0,0
11708,18000,0,0
11711,10000,0,0
11712,14000,0,0
11713,24000,0,0
11717,22000,0,0
11719,15000,0,0
11721,13000,0,0
11722,26000,0,0
11725,12000,0,0
11726,24000,0,0
11729,13000,0,0
11730,24000,0,0
11733,11000,0,0
11734,15000,0,0
11735,26000,0,0
11739,11000,0,0
11740,18000,0,0
11743,15000,0,0
11993,50000,200,0
12044,30,1,0
12045,45,20,0
12046,270,75,-25
12048,3600,205,-35
12049,3600,205,-35
12050,3600,210,-35
12051,2000,0,0
12052,4500,210,-35
12053,4500,215,-35
12055,4950,215,-35
12061,2250,215,-35
12065,4500,225,-35
12067,4500,225,-35
12069,4500,225,-35
12070,4500,225,-35
12071,5400,225,-35
12072,6000,230,-40
12073,5400,230,-40
12074,2400,230,-40
12076,5850,235,-40
12077,4500,235,-40
12079,5850,235,-40
12082,6300,240,-40
12088,6750,245,-45
12092,6750,250,-45
12180,50000,200,0
12505,200,0,0
12522,400,0,0
12523,650,0,0
12524,900,0,0
12525,1400,0,0
12526,1800,0,0
12584,900,150,0
12585,900,175,0
12586,900,175,0
12589,1170,195,0
12590,900,175,0
12591,1350,200,0
12594,1440,205,0
12595,1440,205,0
12596,1530,210,0
12599,1620,215,0
12603,1620,215,0
12609,7200,200,0
12618,1980,230,0
12619,2160,235,0
12621,2800,245,0
12622,2800,245,0
12656,45000,200,0
12715,1000,205,0
12716,1500,205,0
12717,1500,205,0
12718,1500,205,0
12754,2600,235,0
12755,2400,230,0
12758,3000,245,0
12759,2800,240,0
12760,1500,205,0
12824,2000,0,0
12825,15000,0,0
12826,42000,0,0
12895,1350,200,0
12897,1500,210,0
12899,1500,205,0
12902,1800,210,0
12903,2000,215,0
12905,2200,225,0
12906,2400,230,0
12907,2600,235,0
12908,2800,240,0
13018,650,0,0
13019,1150,0,0
13020,1750,0,0
13021,2100,0,0
13031,1300,0,0
13032,1750,0,0
13033,2000,0,0
13159,18000,0,0
13161,8000,0,0
13163,100,0,0
13165,400,0,0
13220,12000,140,0
13228,20000,180,0
13229,33000,220,0
13230,50000,260,0
13378,540,105,0
13421,720,115,0
13485,1350,130,0
13501,1350,130,0
13503,1800,140,0
13529,2160,145,0
13538,2250,140,0
13542,26000,0,0
13543,40000,0,0
13544,50000,0,0
13549,400,0,0
13550,2000,0,0
13551,7000,0,0
13552,12000,0,0
13553,24000,0,0
13554,36000,0,0
13555,48000,0,0
13607,2160,145,0
13622,2250,150,0
13626,2250,150,0
13628,2250,150,0
13631,2600,155,0
13635,2600,155,0
13637,2800,160,0
13640,2800,160,0
13642,2520,165,0
13644,2800,170,0
13648,2520,170,0
13657,2700,175,0
13659,2880,180,0
13661,3240,180,0
13663,3420,185,0
13693,3600,195,0
13695,3600,200,0
13700,3600,200,0
13702,3600,200,0
13746,3780,205,0
13794,3780,205,0
13795,1800,0,0
13809,8000,0,0
13813,12000,0,0
13815,3960,210,0
13822,3960,210,0
13836,4140,215,0
13858,4320,220,0
13887,4500,225,0
13890,4500,225,0
13905,5400,230,0
13917,5400,230,0
13920,50000,200,0
13935,5800,235,0
13937,6200,240,0
13939,6200,240,0
13941,6200,245,0
13943,6200,245,0
13948,6500,250,0
14260,200,0,0
14261,1800,0,0
14262,7000,0,0
14263,10000,0,0
14264,18000,0,0
14265,32000,0,0
14266,46000,0,0
14267,16000,0,0
14268,50000,0,0
14269,8000,0,0
14270,26000,0,0
14271,48000,0,0
14272,12000,0,0
14273,32000,0,0
14274,2200,0,0
14275,10000,0,0
14276,24000,0,0
14277,40000,0,0
14279,28000,0,0
14280,46000,0,0
14281,600,0,0
14282,2200,0,0
14283,8000,0,0
14284,14000,0,0
14285,26000,0,0
14286,40000,0,0
14287,50000,0,0
14288,8000,0,0
14289,24000,0,0
14290,42000,0,0
14293,50,10,0
14294,36000,0,0
14295,48000,0,0
14302,7000,0,0
14303,14000,0,0
14304,28000,0,0
14305,46000,0,0
14310,18000,0,0
14311,50000,0,0
14316,26000,0,0
14317,42000,0,0
14318,2000,0,0
14319,8000,0,0
14320,16000,0,0
14321,32000,0,0
14322,48000,0,0
14323,6000,0,0
14324,18000,0,0
14325,48000,0,0
14326,8000,0,0
14327,28000,0,0
14379,225,150,-25
14380,2250,200,-25
14807,200,70,0
14809,2600,155,0
14810,2700,175,0
14818,900,0,0
14819,1500,0,0
14914,3000,0,0
14923,440,0,0
14924,1600,0,0
14925,3600,0,0
14926,7200,0,0
14927,10000,0,0
14930,4000,225,-25
14932,4000,225,-25
15107,10000,0,0
15111,20000,0,0
15112,30000,0,0
15207,24000,0,0
15208,30000,0,0
15255,1350,200,0
15261,46000,0,0
15262,5000,0,0
15263,10000,0,0
15264,14000,0,0
15265,22000,0,0
15266,28000,0,0
15267,40000,0,0
15430,400,0,0
15431,700,0,0
15590,1000,0,0
15629,8000,0,0
15630,18000,0,0
15631,36000,0,0
15632,50000,0,0
15833,9000,230,0
15972,6750,180,-25
16153,18000,250,0
16314,9000,0,0
16315,18000,0,0
16316,29000,0,0
16339,10000,0,0
16341,20000,0,0
16342,30000,0,0
16355,22000,0,0
16356,32000,0,0
16362,34000,0,0
16387,32000,0,0
16639,10000,250,-25
16640,10000,250,-25
16641,10000,250,-25
16810,95,0,0
16811,250,0,0
16812,600,0,0
16813,1100,0,0
16914,14000,0,0
17180,10000,250,0
17181,10000,250,0
17311,400,0,0
17312,700,0,0
17313,1200,0,0
17314,1900,0,0
17329,1600,0,0
17347,7750,0,0
17348,13000,0,0
17354,1100,0,0
17359,1600,0,0
17390,300,0,0
17391,800,0,0
17392,1400,0,0
17401,23000,0,0
17402,34000,0,0
17551,13500,250,0
17727,14000,0,0
17728,26000,0,0
17862,12000,0,0
17919,4000,0,0
17920,8000,0,0
17921,11000,0,0
17922,15000,0,0
17923,24000,0,0
17924,22000,0,0
17925,15000,0,0
17926,24000,0,0
17928,20000,0,0
17937,22000,0,0
17951,9000,0,0
17952,13000,0,0
17953,22000,0,0
18401,10000,250,-45
18402,10000,255,-45
18499,14000,0,0
18647,14000,0,0
18657,12000,0,0
18658,32000,0,0
18807,2300,0,0
18809,2100,0,0
18867,150,0,0
18868,350,0,0
18869,550,0,0
18870,700,0,0
18871,1100,0,0
18879,500,0,0
18880,700,0,0
18881,1200,0,0
18930,700,0,0
18931,1000,0,0
18932,1300,0,0
18937,750,0,0
18938,1300,0,0
18995,200000,0,0
19047,4300,230,-25
19058,4300,230,-25
19236,100,0,0
19238,300,0,0
19240,600,0,0
19241,1100,0,0
19242,1500,0,0
19243,2200,0,0
19261,150,0,0
19262,500,0,0
19264,900,0,0
19265,1500,0,0
19266,2300,0,0
19271,500,0,0
19273,900,0,0
19274,1500,0,0
19275,2300,0,0
19276,400,0,0
19277,700,0,0
19278,1200,0,0
19279,1900,0,0
19280,2300,0,0
19281,150,0,0
19282,500,0,0
19283,900,0,0
19284,1500,0,0
19285,2300,0,0
19289,500,0,0
19291,900,0,0
19292,1500,0,0
19293,2300,0,0
19296,100,0,0
19299,300,0,0
19302,600,0,0
19303,1100,0,0
19304,1500,0,0
19305,2200,0,0
19308,400,0,0
19309,700,0,0
19310,1200,0,0
19311,1900,0,0
19312,2300,0,0
19567,4000,250,0
19666,600,100,-25
19667,225,150,-25
19668,2250,200,-25
19669,10000,275,-25
19740,100,0,0
19742,2000,0,0
19746,4000,0,0
19750,4000,0,0
19752,11000,0,0
19788,4000,250,0
19790,9000,260,0
19791,4500,260,0
19834,1000,0,0
19835,4000,0,0
19836,12000,0,0
19837,21000,0,0
19838,34000,0,0
19850,5000,0,0
19852,13000,0,0
19853,22000,0,0
19854,40000,0,0
19876,9000,0,0
19878,10000,0,0
19879,36000,0,0
19880,7000,0,0
19882,18000,0,0
19883,400,0,0
19884,2000,0,0
19885,7000,0,0
19888,12000,0,0
19891,14000,0,0
19895,20000,0,0
19896,34000,0,0
19897,22000,0,0
19898,42000,0,0
19899,26000,0,0
19900,46000,0,0
19939,6000,0,0
19940,13000,0,0
19941,21000,0,0
19942,28000,0,0
19943,44000,0,0
19977,20000,0,0
19978,28000,0,0
19979,46000,0,0
20043,28000,0,0
20116,200,0,0
20162,1000,0,0
20164,4000,0,0
20165,11000,0,0
20166,16000,0,0
20190,46000,0,0
20201,10000,275,-25
20230,4000,0,0
20271,100,0,0
20287,300,0,0
20288,3500,0,0
20289,6000,0,0
20290,13000,0,0
20291,21000,0,0
20292,28000,0,0
20293,44000,0,0
20305,4000,0,0
20306,12000,0,0
20307,21000,0,0
20308,34000,0,0
20347,20000,0,0
20348,28000,0,0
20349,46000,0,0
20356,26000,0,0
20357,44000,0,0
20484,2000,0,0
20559,36000,0,0
20560,58000,0,0
20569,62000,0,0
20608,7000,0,0
20609,3500,0,0
20610,10000,0,0
20616,32000,0,0
20617,54000,0,0
20648,500,100,-25
20649,1800,150,-25
20650,2800,180,-25
20658,14000,0,0
20660,22000,0,0
20661,40000,0,0
20662,58000,0,0
20719,14000,0,0
20729,40000,0,0
20736,600,0,0
20739,6000,0,0
20742,14000,0,0
20747,23000,0,0
20748,34000,0,0
20752,6000,0,0
20755,11000,0,0
20756,15000,0,0
20757,26000,0,0
20770,44000,0,0
20772,26000,0,0
20773,46000,0,0
20776,22000,0,0
20777,34000,0,0
20900,400,0,0
20901,700,0,0
20902,1300,0,0
20903,2000,0,0
20904,2500,0,0
20905,1800,0,0
20906,2500,0,0
20909,1200,0,0
20910,2100,0,0
20912,1000,0,0
20913,1400,0,0
20914,2300,0,0
20915,550,0,0
20918,1000,0,0
20919,1400,0,0
20920,2300,0,0
20922,1000,0,0
20923,1400,0,0
20924,2300,0,0
20927,1400,0,0
20928,2300,0,0
20929,1300,0,0
20930,2100,0,0
21082,100,0,0
21175,4000,200,0
21551,2000,0,0
21552,2800,0,0
21553,3100,0,0
22331,4300,230,-25
22568,8000,0,0
22782,28000,0,0
22783,40000,0,0
22808,9000,215,0
22812,18000,0,0
22827,14000,0,0
22828,22000,0,0
22829,30000,0,0
22842,11000,0,0
22895,20000,0,0
22896,30000,0,0
23070,5000,250,0
23071,16000,260,0
23486,0,260,0
23489,0,260,0
23892,2000,0,0
23893,2800,0,0
23894,3100,0,0
23923,2000,0,0
23924,2800,0,0
23925,3100,0,0
24132,1800,0,0
24133,2500,0,0
24239,46000,0,0
24274,34000,0,0
24275,22000,0,0
24440,440,0,0
24441,1600,0,0
24463,3600,0,0
24464,7200,0,0
24475,440,0,0
24476,1600,0,0
24477,3600,0,0
24478,7200,0,0
24490,440,0,0
24494,440,0,0
24495,440,0,0
24508,1600,0,0
24509,3600,0,0
24510,7200,0,0
24511,1600,0,0
24512,3600,0,0
24513,7200,0,0
24514,1600,0,0
24515,3600,0,0
24516,7200,0,0
24547,10,0,0
24556,120,0,0
24557,400,0,0
24558,1400,0,0
24559,1600,0,0
24560,2800,0,0
24561,4800,0,0
24562,6400,0,0
24631,8400,0,0
24632,10000,0,0
24654,50000,300,-10
24655,30000,280,-25
24974,300,0,0
24975,700,0,0
24976,1150,0,0
24977,1700,0,0
25780,3000,0,0
25782,46000,0,0
25890,46000,0,0
25894,46000,0,0
25895,46000,0,0
25898,2300,0,0
25899,2300,0,0
25908,24000,0,0
25916,46000,0,0
25918,46000,0,0
27681,2300,0,0
27799,1200,0,0
27800,1900,0,0
27801,2300,0,0
27841,2300,0,0
27870,1200,0,0
27871,1500,0,0
29166,14000,0,0
33388,900000,0,0
33391,9000000,0,0
